SubID,sequence
Q8TES7,SSVPVTPSVPPPASQ
P35240,GAIASRMSFSSLKRK
Q7Z589,RKRRRTNSSSSSPVV
Q9UKN1,THFSASSTTLGRSEE
O15119,AEKEAATSELQSIQR
E2RYF6,SSETTVTSTAGSETT
Q9WV60,SGRPRTTSFAESCKP
P22830,YRRIGGGSPIKIWTS
Q9Y334,VEVTGLGSRANPGDP
P00325,DKVIPLFTPQCGKCR
P15056,GQRDRSSSAPNVHIN
Q9UKV8,SKLMRSASFNTDPYV
Q96ST2,PQRRRMNSTGGQTPR
P25940,DIQELLISPDPQAAF
Q14653,MARVGGASSLENTVD
Q8WYK1,GLWHLGLTATNYNCD
Q7Z589,KPRKRRRTNSSSSSP
Q96ST2,QRRRMNSTGGQTPRR
P52179,EETSEKKSRKVVIRE
P15056,PQRERKSSSSSEDRN
Q9Y5R5,TGPRERCTPAGGGAE
P98164,LDGSYRVTLITENLG
